state,city
Texas,Amarillo
Texas,Arlington
Texas,Austin
Texas,Baytown
Texas,Beaumont
Texas,Brownsville
Texas,Burkburnett
Texas,Channelview
Texas,Cleburne
Texas,Clute (corporate name for Clute City)
Texas,Conroe
Texas,Corpus Christi
Texas,Corsicana
Texas,Dallas
Texas,Decatur
Texas,Deer Park
Texas,Denton
Texas,Diboll
Texas,Eagle Pass
Texas,El Paso
Texas,Fort Worth
Texas,Frisco
Texas,Galena Park
Texas,Galveston
Texas,Granbury
Texas,Grapevine
Texas,Greenville
Texas,Houston
Texas,Kaufman
Texas,Killeen
Texas,La Porte
Texas,Lake Jackson
Texas,Laredo
Texas,Leon Valley
Texas,Lubbock
Texas,Mercedes
Texas,Midlothian
Texas,Mission
Texas,Nederland
Texas,Odessa
Texas,Pasadena
Texas,Pecan Acres
Texas,Pilot Point
Texas,Port Arthur
Texas,Port Neches
Texas,Rockwall
Texas,San Antonio
Texas,Seabrook
Texas,Selma
Texas,Socorro
Texas,Texarkana
Texas,Texas City
Texas,Victoria
Texas,Waco
Texas,West Orange
Texas,White Settlement
Texas,Wichita Falls
Texas,Flower Mound
Texas,Everman
Texas,Terrell
Texas,Harlingen
Texas,Temple
